{"$schema":"http://schema.management.azure.com/schemas/2015-01-01/deploymentTemplate.json#","contentVersion":"1.0.0.0","parameters":{"workspaceName":{"type":"string","metadata":"Workspace name","defaultValue":"jd-gmail-synapse"},"LS_HttpServer":{"type":"string"},"jd-gmail-synapse-WorkspaceDefaultStorage":{"type":"string"}},"variables":{"workspaceId":"[concat('Microsoft.Synapse/workspaces/', parameters('workspaceName'))]"},"resources":[{"name":"[concat(parameters('workspaceName'), '/PL Call Power BI REST API')]","type":"Microsoft.Synapse/workspaces/pipelines","apiVersion":"2019-06-01-preview","properties":{"description":"this pipeline can be used to call the Power BI REST API","activities":[{"name":"Get Bearer Token","type":"WebActivity","dependsOn":[],"policy":{"timeout":"0.12:00:00","retry":0,"retryIntervalInSeconds":30,"secureOutput":false,"secureInput":false},"userProperties":[],"typeProperties":{"method":"POST","headers":{"Content-Type":"application/x-www-form-urlencoded"},"url":{"value":"https://login.microsoftonline.com/@{pipeline().parameters.tenantID}/oauth2/v2.0/token","type":"Expression"},"connectVia":{"referenceName":"AutoResolveIntegrationRuntime","type":"IntegrationRuntimeReference"},"body":{"value":"grant_type=client_credentials&client_id=@{pipeline().parameters.clientID}&client_secret=@{pipeline().parameters.secret}&scope=https%3A%2F%2Fanalysis.windows.net%2Fpowerbi%2Fapi%2F.default","type":"Expression"}}},{"name":"Copy workspaces to ADLS - HTTP","type":"Copy","dependsOn":[{"activity":"Get Bearer Token","dependencyConditions":["Succeeded"]}],"policy":{"timeout":"0.12:00:00","retry":0,"retryIntervalInSeconds":30,"secureOutput":false,"secureInput":false},"userProperties":[],"typeProperties":{"source":{"type":"JsonSource","storeSettings":{"type":"HttpReadSettings","requestMethod":"GET","additionalHeaders":{"value":"Authorization: Bearer @{activity('Get Bearer Token').output.access_token}","type":"Expression"}},"formatSettings":{"type":"JsonReadSettings"}},"sink":{"type":"JsonSink","storeSettings":{"type":"AzureBlobFSWriteSettings"},"formatSettings":{"type":"JsonWriteSettings"}},"enableStaging":false},"inputs":[{"referenceName":"DS_HTTP_JSON","type":"DatasetReference","parameters":{"relURL":{"value":"@pipeline().parameters.relURL","type":"Expression"}}}],"outputs":[{"referenceName":"DS_ADLS_JSON","type":"DatasetReference","parameters":{"ContainerName":{"value":"@pipeline().parameters.destContainer","type":"Expression"},"FolderName":{"value":"@pipeline().parameters.destFolder","type":"Expression"},"FileName":{"value":"@pipeline().parameters.destFileName","type":"Expression"}}}]}],"policy":{"elapsedTimeMetric":{}},"parameters":{"tenantID":{"type":"securestring"},"clientID":{"type":"securestring"},"secret":{"type":"securestring"},"relURL":{"type":"string","defaultValue":"admin/groups?$top=50"},"destContainer":{"type":"string","defaultValue":"raw"},"destFolder":{"type":"string","defaultValue":"pbiexport"},"destFileName":{"type":"string","defaultValue":"workspaces"}},"annotations":[]},"dependsOn":["[concat(variables('workspaceId'), '/datasets/DS_HTTP_JSON')]","[concat(variables('workspaceId'), '/datasets/DS_ADLS_JSON')]"]},{"name":"[concat(parameters('workspaceName'), '/DS_HTTP_JSON')]","type":"Microsoft.Synapse/workspaces/datasets","apiVersion":"2019-06-01-preview","properties":{"description":"dataset used as source from Power BI REST API call","linkedServiceName":{"referenceName":"[parameters('LS_HttpServer')]","type":"LinkedServiceReference"},"parameters":{"relURL":{"type":"string","defaultValue":"admin/groups?$top=50"}},"annotations":[],"type":"Json","typeProperties":{"location":{"type":"HttpServerLocation","relativeUrl":{"value":"@dataset().relURL","type":"Expression"}}},"schema":{}},"dependsOn":[]},{"name":"[concat(parameters('workspaceName'), '/DS_ADLS_JSON')]","type":"Microsoft.Synapse/workspaces/datasets","apiVersion":"2019-06-01-preview","properties":{"linkedServiceName":{"referenceName":"[parameters('jd-gmail-synapse-WorkspaceDefaultStorage')]","type":"LinkedServiceReference"},"parameters":{"ContainerName":{"type":"string"},"FolderName":{"type":"string"},"FileName":{"type":"string"}},"annotations":[],"type":"Json","typeProperties":{"location":{"type":"AzureBlobFSLocation","fileName":{"value":"@concat(dataset().FileName,'.json')","type":"Expression"},"folderPath":{"value":"@dataset().FolderName","type":"Expression"},"fileSystem":{"value":"@dataset().ContainerName","type":"Expression"}}},"schema":{}},"dependsOn":[]}]}